,0,id
，,130012,1
的,74579,2
不,42657,3
。,39141,4
是,35478,5
了,34635,6
 ,32666,7
吃,31654,8
好,31353,9
很,31171,10
一,31070,11
有,23474,12
味,21542,13
还,20779,14
点,19855,15
！,17716,16
也,16748,17
来,15935,18
道,14668,19
错,14606,20
个,14103,21
菜,13695,22
就,13209,23
这,12185,24
服,11833,25
人,11804,26
家,11467,27
务,11254,28
都,11038,29
我,11016,30
多,10854,31
以,10729,32
上,10552,33
面,9966,34
没,9846,35
店,9770,36
可,9438,37
小,9430,38
大,9423,39
去,9165,40
肉,9062,41
口,8895,42
次,8781,43
在,8537,44
下,8218,45
到,8166,46
过,8011,47
和,7725,48
里,7520,49
比,7516,50
会,6791,51
要,6579,52
餐,6297,53
感,6289,54
说,5983,55
鲜,5978,56
牛,5953,57
…,5926,58
觉,5880,59
得,5694,60
鱼,5651,61
环,5528,62
境,5488,63
价,5398,64
后,5364,65
子,5312,66
么,5293,67
太,5231,68
时,5114,69
员,5113,70
但,5053,71
饭,5027,72
喜,4969,73
～,4954,74
常,4942,75
新,4832,76
.,4690,77
特,4684,78
看,4679,79
品,4676,80
们,4637,81
欢,4585,82
最,4455,83
真,4407,84
中,4383,85
般,4367,86
天,4230,87
心,4216,88
虾,4100,89
较,4084,90
开,4007,91
排,3973,92
然,3947,93
他,3943,94
辣,3938,95
实,3929,96
能,3897,97
挺,3896,98
量,3835,99
鸡,3823,100
0,3792,101
香,3761,102
那,3747,103
老,3747,104
锅,3738,105
甜,3705,106
?,3685,107
意,3648,108
度,3617,109
果,3610,110
再,3599,111
非,3594,112
别,3573,113
生,3558,114
想,3512,115
汤,3507,116
地,3443,117
位,3412,118
料,3386,119
1,3384,120
为,3383,121
两,3364,122
海,3343,123
其,3204,124
只,3184,125
烤,3176,126
哈,3140,127
、,3133,128
蛮,3089,129
前,3074,130
种,3067,131
吧,3063,132
外,3062,133
包,3034,134
算,3031,135
格,3012,136
油,2959,137
三,2957,138
着,2949,139
少,2918,140
色,2886,141
热,2861,142
推,2857,143
分,2839,144
食,2815,145
2,2797,146
满,2763,147
西,2743,148
用,2739,149
赞,2693,150
美,2689,151
份,2686,152
加,2675,153
午,2669,154
完,2667,155
超,2639,156
起,2637,157
友,2628,158
样,2606,159
几,2603,160
本,2580,161
荐,2575,162
单,2566,163
茶,2554,164
出,2545,165
直,2544,166
等,2537,167
高,2508,168
水,2485,169
买,2438,170
豆,2431,171
自,2416,172
什,2412,173
方,2411,174
蛋,2407,175
之,2402,176
便,2391,177
经,2389,178
而,2362,179
正,2351,180
朋,2344,181
现,2330,182
足,2321,183
啊,2298,184
态,2290,185
东,2279,186
评,2276,187
总,2276,188
又,2261,189
喝,2256,190
酱,2245,191
奶,2227,192
爱,2225,193
对,2218,194
合,2207,195
第,2205,196
所,2201,197
选,2182,198
体,2179,199
性,2167,200
给,2152,201
冰,2143,202
试,2125,203
候,2115,204
棒,2106,205
龙,2104,206
路,2092,207
干,2091,208
8,2052,209
每,2050,210
花,2034,211
差,2027,212
情,2016,213
做,1985,214
嫩,1984,215
尝,1980,216
近,1972,217
配,1970,218
头,1968,219
于,1956,220
~,1939,221
火,1939,222
烧,1927,223
酸,1925,224
惠,1899,225
日,1889,226
5,1868,227
米,1853,228
送,1848,229
间,1842,230
拉,1837,231
因,1805,232
行,1788,233
些,1779,234
3,1761,235
如,1743,236
打,1740,237
门,1735,238
带,1726,239
糕,1724,240
元,1715,241
边,1695,242
块,1693,243
套,1691,244
定,1690,245
清,1690,246
周,1669,247
无,1652,248
粉,1643,249
汁,1635,250
进,1628,251
气,1614,252
快,1605,253
队,1601,254
入,1599,255
全,1592,256
桌,1592,257
像,1585,258
知,1574,259
贵,1569,260
式,1568,261
哦,1560,262
适,1547,263
晚,1547,264
且,1535,265
主,1516,266
楼,1506,267
团,1491,268
话,1488,269
装,1468,270
放,1467,271
皮,1456,272
半,1455,273
咖,1455,274
动,1454,275
你,1441,276
当,1425,277
板,1418,278
更,1418,279
厅,1416,280
才,1410,281
二,1410,282
客,1406,283
调,1400,284
：,1393,285
发,1384,286
饮,1382,287
脆,1374,288
光,1371,289
片,1367,290
啦,1365,291
底,1362,292
浓,1350,293
红,1347,294
级,1344,295
羊,1338,296
猪,1332,297
咸,1329,298
久,1325,299
今,1322,300
年,1319,301
？,1314,302
盘,1314,303
值,1312,304
重,1311,305
同,1300,306
应,1287,307
酒,1286,308
蟹,1286,309
黄,1280,310
五,1260,311
提,1245,312
望,1244,313
手,1236,314
回,1230,315
坐,1226,316
购,1221,317
炒,1217,318
力,1214,319
理,1211,320
让,1210,321
e,1208,322
够,1207,323
草,1204,324
条,1201,325
芝,1199,326
找,1196,327
杯,1196,328
淡,1194,329
金,1184,330
饼,1183,331
已,1182,332
士,1177,333
腻,1175,334
6,1167,335
原,1165,336
己,1157,337
费,1152,338
类,1151,339
四,1149,340
麻,1143,341
质,1138,342
宝,1136,343
十,1134,344
微,1134,345
4,1126,346
炸,1125,347
拿,1124,348
沙,1123,349
#,1121,350
作,1110,351
卖,1104,352
公,1102,353
场,1100,354
i,1098,355
号,1094,356
a,1082,357
蛙,1082,358
难,1079,359
叫,1075,360
相,1074,361
明,1071,362
牌,1067,363
优,1060,364
虽,1057,365
风,1056,366
净,1055,367
结,1053,368
走,1050,369
问,1047,370
整,1039,371
跟,1034,372
必,1024,373
该,1022,374
事,1019,375
接,1018,376
o,1013,377
白,1011,378
择,1008,379
空,1005,380
饱,1005,381
儿,1000,382
置,998,383
串,998,384
偏,997,385
工,992,386
早,990,387
爽,974,388
刚,973,389
鸭,959,390
聚,958,391
丝,947,392
国,947,393
名,946,394
南,942,395
顾,935,396
修,933,397
司,930,398
长,926,399
基,920,400
星,918,401
9,915,402
活,914,403
椒,905,404
身,902,405
腐,900,406
骨,898,407
呢,897,408
招,893,409
先,886,410
换,884,411
物,875,412
怎,869,413
倒,862,414
附,854,415
宜,850,416
帮,850,417
随,848,418
文,848,419
碗,848,420
王,837,421
【,837,422
】,835,423
冷,830,424
材,823,425
肥,819,426
成,816,427
；,812,428
黑,807,429
啡,800,430
钱,796,431
内,792,432
酥,791,433
拼,790,434
被,786,435
女,779,436
越,776,437
各,775,438
糖,775,439
关,773,440
电,772,441
慢,766,442
通,763,443
n,758,444
把,755,445
速,754,446
泡,740,447
车,735,448
瓜,734,449
7,733,450
-,732,451
券,732,452
s,723,453
）,722,454
软,721,455
记,720,456
划,718,457
层,718,458
厚,713,459
菇,713,460
切,707,461
座,707,462
根,706,463
机,706,464
折,705,465
（,696,466
肚,694,467
蔬,692,468
克,676,469
台,676,470
妈,675,471
确,675,472
土,675,473
精,670,474
收,666,475
从,664,476
约,663,477
钟,661,478
掉,659,479
略,657,480
失,655,481
众,650,482
照,647,483
平,646,484
惊,645,485
拌,644,486
末,644,487
巧,644,488
象,644,489
另,643,490
张,639,491
铁,638,492
法,638,493
安,638,494
受,630,495
往,629,496
寿,624,497
始,619,498
乐,616,499
刺,612,500
见,611,501
助,610,502
喱,609,503
简,609,504
停,608,505
居,607,506
解,606,507
宗,605,508
萨,604,509
部,603,510
它,602,511
舒,600,512
离,599,513
t,597,514
市,596,515
听,595,516
百,595,517
反,589,518
马,589,519
茄,588,520
需,588,521
希,585,522
绝,583,523
业,583,524
肠,582,525
糯,581,526
流,579,527
凉,578,528
期,577,529
致,574,530
拔,574,531
她,571,532
商,568,533
拍,567,534
丸,567,535
h,564,536
",",564,537
似,563,538
处,562,539
胃,561,540
c,561,541
待,561,542
r,558,543
竟,556,544
卷,555,545
除,555,546
字,554,547
贝,553,548
功,553,549
莲,552,550
雪,551,551
既,551,552
预,550,553
稍,549,554
制,549,555
芒,547,556
鹅,546,557
免,540,558
哥,540,559
班,536,560
亲,533,561
披,530,562
榴,529,563
萝,526,564
乎,525,565
容,525,566
粥,525,567
利,524,568
卡,523,569
熟,523,570
煎,521,571
霸,520,572
伴,517,573
薄,513,574
月,513,575
并,507,576
极,506,577
郁,506,578
松,505,579
房,505,580
山,503,581
广,503,582
谢,503,583
连,503,584
伙,502,585
线,500,586
眼,500,587
爆,497,588
区,496,589
堂,494,590
亮,494,591
淋,494,592
细,493,593
计,493,594
素,493,595
番,488,596
哒,485,597
港,484,598
蒸,483,599
馆,481,600
旁,481,601
青,480,602
煮,479,603
劲,477,604
怪,477,605
表,476,606
六,476,607
呀,474,608
忙,473,609
腿,473,610
北,471,611
改,470,612
强,465,613
仁,465,614
忘,464,615
肝,462,616
搭,460,617
薯,459,618
韩,458,619
孩,458,620
建,458,621
节,457,622
p,456,623
啥,455,624
布,455,625
滑,454,626
双,453,627
化,453,628
巴,451,629
硬,449,630
厨,448,631
惜,447,632
付,445,633
信,445,634
静,444,635
泰,443,636
翅,442,637
夏,441,638
续,438,639
消,433,640
蒜,430,641
普,428,642
丰,428,643
蜜,427,644
议,427,645
l,426,646
及,425,647
题,424,648
仔,423,649
图,423,650
煲,423,651
八,422,652
娘,421,653
奇,421,654
激,421,655
盐,421,656
淇,419,657
毛,417,658
聊,417,659
温,416,660
贴,416,661
饺,414,662
远,414,663
终,412,664
准,410,665
款,410,666
代,409,667
江,407,668
系,404,669
念,400,670
木,399,671
逛,397,672
富,397,673
印,396,674
影,394,675
球,392,676
或,390,677
玩,390,678
云,389,679
靠,389,680
妹,388,681
学,388,682
呵,388,683
隔,386,684
抹,386,685
冬,385,686
验,383,687
段,383,688
城,383,689
u,381,690
网,380,691
吗,380,692
铺,379,693
规,379,694
嘛,378,695
舌,377,696
阿,376,697
显,376,698
葱,375,699
住,372,700
者,372,701
角,372,702
变,371,703
艳,371,704
概,370,705
左,368,706
弹,367,707
柠,365,708
冲,363,709
堡,363,710
至,362,711
尤,362,712
此,360,713
右,360,714
货,360,715
),359,716
(,358,717
梅,358,718
菠,358,719
师,357,720
告,357,721
椰,357,722
嘴,356,723
首,355,724
福,355,725
斤,355,726
汉,353,727
圈,353,728
管,353,729
^,352,730
凌,351,731
估,351,732
办,351,733
露,349,734
盆,348,735
端,347,736
均,347,737
死,345,738
烫,345,739
”,343,740
搞,342,741
“,342,742
馄,342,743
杂,340,744
顿,338,745
思,338,746
饨,337,747
!,336,748
由,335,749
营,333,750
求,333,751
易,333,752
泥,333,753
冻,331,754
赶,330,755
请,329,756
m,329,757
嚼,328,758
传,327,759
抽,327,760
川,327,761
围,327,762
街,327,763
夜,326,764
却,325,765
石,325,766
爸,324,767
撑,322,768
吸,321,769
决,319,770
蘸,319,771
绿,316,772
康,315,773
保,315,774
貌,314,775
低,312,776
达,312,777
麦,312,778
唯,312,779
哪,311,780
肯,310,781
乳,310,782
丁,310,783
兴,309,784
深,309,785
千,309,786
盖,308,787
据,308,788
具,307,789
七,305,790
血,305,791
饿,305,792
纸,304,793
y,302,794
莓,301,795
数,300,796
浆,300,797
爪,300,798
认,299,799
b,299,800
粒,299,801
腥,299,802
叉,298,803
雅,297,804
滴,295,805
站,294,806
幸,294,807
馅,293,808
筋,293,809
_,293,810
写,291,811
菌,290,812
银,290,813
民,290,814
支,290,815
雨,290,816
即,288,817
檬,287,818
健,287,819
许,286,820
d,286,821
闺,285,822
园,285,823
鳗,284,824
罗,284,825
程,283,826
男,283,827
咬,283,828
笋,282,829
吵,281,830
限,279,831
矩,279,832
论,279,833
留,279,834
姐,279,835
壁,279,836
g,277,837
订,276,838
婆,275,839
介,275,840
顺,275,841
继,274,842
旺,273,843
+,272,844
苦,270,845
烟,270,846
焦,270,847
挑,270,848
景,269,849
备,269,850
古,268,851
笑,267,852
减,266,853
考,266,854
Q,265,855
摆,265,856
票,265,857
依,265,858
卫,264,859
芥,264,860
毕,263,861
啤,263,862
颜,263,863
娃,262,864
f,262,865
脚,261,866
叶,261,867
汇,261,868
何,260,869
k,260,870
与,259,871
z,258,872
交,258,873
音,258,874
取,257,875
胡,257,876
:,257,877
w,256,878
烂,256,879
跑,255,880
绍,253,881
️,251,882
万,251,883
须,250,884
尔,250,885
京,249,886
醋,249,887
卜,248,888
旧,248,889
型,248,890
洋,248,891
断,246,892
窗,245,893
供,245,894
专,245,895
盒,244,896
夹,242,897
玉,242,898
享,241,899
乌,240,900
纯,240,901
华,240,902
偶,239,903
共,239,904
创,239,905
颗,239,906
统,239,907
良,238,908
笼,238,909
持,235,910
讲,234,911
桥,234,912
春,234,913
独,233,914
腩,233,915
遍,233,916
O,232,917
运,231,918
吐,230,919
姨,230,920
键,227,921
帅,227,922
醉,227,923
紫,227,924
注,225,925
飞,225,926
目,224,927
紧,224,928
/,223,929
圆,223,930
B,222,931
捞,222,932
醒,221,933
领,221,934
漂,221,935
苏,218,936
属,218,937
催,217,938
典,217,939
言,216,940
股,216,941
惯,215,942
還,215,943
河,215,944
培,214,945
示,213,946
鱿,212,947
账,212,948
声,212,949
蚝,212,950
瓶,212,951
怕,211,952
九,211,953
引,211,954
點,211,955
芋,210,956
=,210,957
扇,210,958
码,210,959
桃,209,960
挤,208,961
突,207,962
糊,207,963
乱,206,964
來,206,965
充,205,966
佳,205,967
潮,204,968
落,202,969
哟,202,970
脸,202,971
休,202,972
牙,199,973
扣,199,974
闹,199,975
形,199,976
阴,198,977
室,198,978
蓝,198,979
转,198,980
丽,197,981
烈,197,982
弄,196,983
昨,196,984
蹄,194,985
响,194,986
宽,193,987
补,193,988
使,193,989
养,193,990
枪,193,991
撒,192,992
炖,191,993
缺,190,994
临,189,995
参,189,996
兰,188,997
季,188,998
语,188,999
混,187,1000
庆,187,1001
镇,187,1002
胜,186,1003
虹,185,1004
扫,184,1005
浇,184,1006
指,184,1007
破,184,1008
蛤,183,1009
州,183,1010
皇,182,1011
怀,181,1012
粗,181,1013
步,181,1014
氛,181,1015
按,181,1016
姑,180,1017
散,180,1018
暗,180,1019
阳,179,1020
神,179,1021
趁,179,1022
否,179,1023
户,178,1024
墨,178,1025
浦,178,1026
复,177,1027
碎,177,1028
灯,177,1029
轻,176,1030
称,176,1031
浪,175,1032
沾,175,1033
K,175,1034
设,175,1035
任,175,1036
壳,175,1037
梦,174,1038
造,173,1039
凤,173,1040
梯,173,1041
立,173,1042
标,173,1043
湾,172,1044
斯,171,1045
耐,171,1046
剩,170,1047
句,170,1048
猫,170,1049
刻,170,1050
螺,169,1051
涮,169,1052
额,168,1053
档,168,1054
鲍,168,1055
P,168,1056
某,167,1057
杨,167,1058
冒,167,1059
虑,167,1060
墙,166,1061
绵,166,1062
息,166,1063
洗,166,1064
敢,166,1065
敞,166,1066
视,166,1067
洁,165,1068
尚,165,1069
尽,165,1070
瘾,165,1071
吞,164,1072
观,164,1073
脑,164,1074
章,164,1075
搜,163,1076
⋯,163,1077
刷,162,1078
增,161,1079
欲,161,1080
彩,161,1081
积,160,1082
耳,159,1083
习,159,1084
跳,159,1085
卤,158,1086
礼,158,1087
透,157,1088
担,156,1089
秋,156,1090
添,156,1091
尾,156,1092
宵,156,1093
芙,156,1094
针,155,1095
陆,155,1096
虎,155,1097
胖,155,1098
诉,155,1099
齐,154,1100
退,154,1101
波,154,1102
坏,153,1103
际,153,1104
宁,152,1105
忍,152,1106
赠,152,1107
挞,151,1108
密,151,1109
游,151,1110
哎,151,1111
烦,150,1112
這,150,1113
翻,150,1114
懂,150,1115
胆,149,1116
德,149,1117
M,148,1118
盛,148,1119
亚,148,1120
灵,146,1121
廉,146,1122
碟,146,1123
世,146,1124
恶,146,1125
鸳,146,1126
鸯,146,1127
咯,145,1128
将,145,1129
腾,145,1130
庭,145,1131
夫,145,1132
竹,144,1133
椅,143,1134
愿,142,1135
嘿,142,1136
臭,142,1137
桂,142,1138
况,141,1139
蘑,141,1140
产,141,1141
咋,141,1142
证,140,1143
漏,139,1144
遇,139,1145
列,139,1146
碰,139,1147
榨,138,1148
余,138,1149
A,138,1150
鸽,138,1151
趣,137,1152
馋,137,1153
颈,137,1154
符,136,1155
糟,136,1156
酪,136,1157
则,136,1158
演,136,1159
故,136,1160
答,135,1161
奥,135,1162
童,135,1163
歌,134,1164
甘,134,1165
珍,134,1166
异,133,1167
吊,132,1168
瘦,132,1169
藕,132,1170
珠,132,1171
导,132,1172
轮,131,1173
炉,131,1174
蓉,131,1175
涨,130,1176
抓,129,1177
林,128,1178
杏,128,1179
鳕,128,1180
悦,128,1181
屋,128,1182
济,128,1183
谈,127,1184
懒,127,1185
*,127,1186
田,126,1187
欧,126,1188
粘,125,1189
裹,125,1190
畅,125,1191
嗲,125,1192
],125,1193
[,124,1194
谁,124,1195
抵,124,1196
筷,124,1197
迷,124,1198
務,123,1199
资,123,1200
袋,123,1201
累,123,1202
熏,123,1203
坑,123,1204
凑,122,1205
例,122,1206
扬,122,1207
呼,122,1208
腌,122,1209
荤,121,1210
闻,121,1211
C,121,1212
S,120,1213
销,120,1214
錯,120,1215
艺,120,1216
慕,120,1217
组,120,1218
肋,119,1219
玫,119,1220
瑰,119,1221
治,118,1222
遗,118,1223
巾,118,1224
刀,117,1225
界,117,1226
枝,117,1227
维,117,1228
蕉,117,1229
尼,117,1230
永,116,1231
院,116,1232
识,116,1233
架,116,1234
书,116,1235
憾,115,1236
糍,115,1237
勤,115,1238
岛,114,1239
融,114,1240
沒,114,1241
摩,114,1242
肴,114,1243
迎,114,1244
负,114,1245
粑,113,1246
状,113,1247
善,113,1248
荷,112,1249
宫,112,1250
距,112,1251
背,112,1252
噢,112,1253
农,112,1254
升,111,1255
N,111,1256
姜,111,1257
滋,110,1258
T,110,1259
汗,110,1260
顶,110,1261
個,110,1262
闪,110,1263
藏,109,1264
滩,108,1265
D,108,1266
馨,108,1267
脏,108,1268
饰,108,1269
秘,107,1270
闷,107,1271
舞,107,1272
闲,107,1273
—,107,1274
嗯,107,1275
疆,107,1276
锁,107,1277
缘,106,1278
魔,106,1279
嘻,105,1280
愉,105,1281
仑,105,1282
槽,105,1283
药,105,1284
仙,105,1285
避,105,1286
诚,104,1287
膏,104,1288
汕,104,1289
噱,104,1290
抱,104,1291
腊,104,1292
假,104,1293
焗,103,1294
勺,103,1295
掌,103,1296
害,103,1297
率,102,1298
丹,102,1299
焖,102,1300
暖,102,1301
塔,102,1302
恰,102,1303
宴,102,1304
仅,102,1305
唱,102,1306
傅,102,1307
谓,101,1308
坊,101,1309
橙,101,1310
奏,101,1311
酿,101,1312
F,100,1313
楚,100,1314
逼,100,1315
效,100,1316
母,99,1317
吉,99,1318
嘉,99,1319
丢,99,1320
苹,99,1321
向,98,1322
熊,98,1323
抢,98,1324
急,98,1325
托,98,1326
训,98,1327
询,97,1328
令,97,1329
虫,96,1330
扎,96,1331
器,95,1332
梨,95,1333
欠,95,1334
败,95,1335
拥,95,1336
玛,94,1337
未,94,1338
柜,94,1339
湿,94,1340
粤,93,1341
蜂,93,1342
蜊,93,1343
昔,93,1344
湘,92,1345
芽,92,1346
穿,92,1347
v,92,1348
汽,92,1349
含,92,1350
奖,92,1351
操,92,1352
辛,92,1353
诱,92,1354
件,92,1355
苗,92,1356
毫,92,1357
呆,92,1358
核,92,1359
菲,91,1360
俩,91,1361
哇,91,1362
弟,90,1363
萌,90,1364
峰,90,1365
集,90,1366
控,90,1367
鳝,89,1368
徐,89,1369
柔,89,1370
秒,89,1371
塞,89,1372
過,88,1373
联,88,1374
嘈,88,1375
朵,88,1376
晶,88,1377
➕,88,1378
堆,87,1379
陪,87,1380
渣,87,1381
赤,87,1382
葡,86,1383
止,86,1384
私,86,1385
馒,86,1386
究,86,1387
杀,86,1388
局,85,1389
宋,85,1390
狗,84,1391
萄,84,1392
甲,84,1393
群,84,1394
厢,84,1395
野,84,1396
I,84,1397
叔,84,1398
吓,84,1399
•,83,1400
零,83,1401
幽,83,1402
塘,83,1403
乘,83,1404
柚,82,1405
柴,82,1406
壶,82,1407
误,81,1408
课,81,1409
查,81,1410
归,81,1411
纪,81,1412
洲,81,1413
博,81,1414
燕,81,1415
版,81,1416
罐,80,1417
括,80,1418
模,80,1419
域,80,1420
❤,80,1421
棉,80,1422
束,80,1423
豪,80,1424
派,79,1425
疑,79,1426
兑,79,1427
压,79,1428
杠,79,1429
巨,79,1430
凯,79,1431
鲈,79,1432
降,78,1433
省,78,1434
忆,78,1435
劳,78,1436
初,78,1437
莴,77,1438
q,77,1439
兜,77,1440
灰,77,1441
爷,77,1442
箱,77,1443
陈,77,1444
x,77,1445
羹,76,1446
弃,76,1447
擦,76,1448
瞬,76,1449
妇,76,1450
稠,76,1451
报,76,1452
吹,76,1453
祝,75,1454
战,75,1455
斗,75,1456
伤,75,1457
會,75,1458
筒,74,1459
拜,74,1460
剁,74,1461
厉,74,1462
時,74,1463
豉,74,1464
责,74,1465
耶,74,1466
短,73,1467
牡,73,1468
の,73,1469
⊙,73,1470
悠,73,1471
曲,73,1472
衣,73,1473
螃,72,1474
迪,72,1475
帝,72,1476
柳,72,1477
淮,72,1478
後,72,1479
　,72,1480
撕,72,1481
喉,72,1482
莫,72,1483
👍,72,1484
泉,72,1485
玻,71,1486
妥,71,1487
虚,71,1488
售,71,1489
谷,71,1490
府,71,1491
占,71,1492
璃,71,1493
湖,71,1494
甚,71,1495
旗,70,1496
喷,70,1497
蛏,70,1498
爹,70,1499
溜,70,1500
搬,70,1501
隐,70,1502
英,70,1503
覺,70,1504
倍,69,1505
韭,69,1506
批,69,1507
j,69,1508
胶,69,1509
磨,68,1510
促,68,1511
垃,68,1512
G,68,1513
圾,68,1514
坡,67,1515
睡,67,1516
愧,67,1517
址,67,1518
腰,67,1519
稀,67,1520
胸,67,1521
村,67,1522
榻,67,1523
朗,67,1524
宾,66,1525
桶,66,1526
喔,66,1527
坚,66,1528
伊,66,1529
摊,66,1530
樱,65,1531
挂,65,1532
范,65,1533
厌,65,1534
渴,65,1535
寺,65,1536
熬,65,1537
润,65,1538
喊,65,1539
▽,64,1540
展,64,1541
L,64,1542
暴,64,1543
源,64,1544
剔,63,1545
馍,63,1546
画,63,1547
插,63,1548
昏,63,1549
树,63,1550
沪,63,1551
莉,63,1552
涂,63,1553
豚,62,1554
钢,62,1555
副,62,1556
澳,62,1557
迟,62,1558
绕,62,1559
默,62,1560
隆,62,1561
乡,62,1562
校,62,1563
尿,62,1564
鬼,62,1565
醇,62,1566
說,62,1567
%,61,1568
势,61,1569
严,61,1570
尴,61,1571
麵,61,1572
奈,61,1573
籽,61,1574
教,61,1575
著,61,1576
扒,61,1577
寸,61,1578
枣,61,1579
怜,61,1580
塌,61,1581
葵,61,1582
啃,61,1583
蛇,60,1584
扑,60,1585
护,60,1586
释,60,1587
义,60,1588
翠,60,1589
李,60,1590
笔,60,1591
奔,60,1592
索,60,1593
尬,60,1594
垫,60,1595
麼,60,1596
@,59,1597
員,59,1598
岩,59,1599
拖,59,1600
狮,59,1601
歇,59,1602
晕,59,1603
飯,58,1604
觅,58,1605
鼻,58,1606
族,58,1607
讨,58,1608
拾,58,1609
R,58,1610
命,58,1611
傻,58,1612
旅,58,1613
胗,58,1614
塑,58,1615
综,58,1616
尖,57,1617
芦,57,1618
雷,57,1619
勒,57,1620
犹,57,1621
蝎,57,1622
赏,56,1623
赛,56,1624
脊,56,1625
E,56,1626
W,56,1627
承,55,1628
闭,55,1629
裡,55,1630
偷,55,1631
辉,55,1632
斩,55,1633
兔,55,1634
鼎,55,1635
們,55,1636
烩,55,1637
栗,54,1638
剪,54,1639
☺,54,1640
秀,54,1641
碧,54,1642
為,54,1643
腹,54,1644
」,54,1645
悔,54,1646
匆,54,1647
蕾,54,1648
⭐,54,1649
唐,53,1650
孜,53,1651
脂,53,1652
＃,53,1653
棍,53,1654
雞,53,1655
酷,53,1656
威,53,1657
蝦,53,1658
扔,53,1659
术,53,1660
灭,53,1661
存,53,1662
斑,53,1663
智,52,1664
佛,52,1665
朝,52,1666
碳,52,1667
恭,52,1668
吼,52,1669
蒙,52,1670
森,52,1671
熔,51,1672
吴,51,1673
武,51,1674
欣,51,1675
湯,51,1676
黎,51,1677
歉,51,1678
扶,51,1679
骗,51,1680
叻,50,1681
杭,50,1682
阵,50,1683
厕,50,1684
覆,50,1685
黏,50,1686
封,50,1687
抄,50,1688
夸,50,1689
借,50,1690
纠,50,1691
医,50,1692
帕,50,1693
咪,50,1694
剧,50,1695
姆,49,1696
俱,49,1697
科,49,1698
稳,49,1699
浸,49,1700
捷,49,1701
伯,49,1702
苍,49,1703
砂,49,1704
朴,48,1705
序,48,1706
繁,48,1707
陷,48,1708
追,48,1709
惑,48,1710
舍,48,1711
婚,48,1712
罪,48,1713
填,48,1714
滚,48,1715
鞋,48,1716
「,48,1717
嫌,48,1718
哭,48,1719
鮮,47,1720
較,47,1721
炎,47,1722
若,47,1723
唉,47,1724
狂,47,1725
曾,47,1726
勉,47,1727
颖,47,1728
撸,47,1729
勾,47,1730
岁,47,1731
荔,47,1732
恋,47,1733
沸,47,1734
父,47,1735
疼,47,1736
價,47,1737
歪,47,1738
缩,47,1739
潢,47,1740
環,47,1741
鼓,46,1742
悉,46,1743
涩,46,1744
蝇,46,1745
握,46,1746
赖,46,1747
溢,46,1748
练,46,1749
飘,46,1750
劈,46,1751
技,46,1752
匀,46,1753
历,46,1754
荠,46,1755
Y,45,1756
昌,45,1757
争,45,1758
趴,45,1759
尊,45,1760
寡,45,1761
烹,45,1762
病,45,1763
苔,45,1764
库,44,1765
逊,44,1766
击,44,1767
延,44,1768
ω,44,1769
启,44,1770
灼,44,1771
亭,44,1772
纳,44,1773
浙,43,1774
薏,43,1775
项,43,1776
签,43,1777
韧,43,1778
庄,43,1779
烘,43,1780
探,43,1781
J,43,1782
官,43,1783
漫,42,1784
剥,42,1785
蚊,42,1786
魚,42,1787
咕,42,1788
忠,42,1789
《,42,1790
锡,42,1791
￣,42,1792
夕,42,1793
沿,42,1794
液,42,1795
粽,42,1796
锦,42,1797
妙,42,1798
★,41,1799
诺,41,1800
罢,41,1801
》,41,1802
辅,41,1803
谱,41,1804
H,41,1805
&,40,1806
忽,40,1807
慎,40,1808
豫,40,1809
惬,40,1810
膻,40,1811
诶,40,1812
實,40,1813
煸,40,1814
鳌,40,1815
',40,1816
雾,39,1817
侣,39,1818
😂,39,1819
戏,39,1820
薛,39,1821
敌,39,1822
芹,39,1823
兄,39,1824
宣,39,1825
於,39,1826
巷,39,1827
茸,39,1828
摇,39,1829
棚,39,1830
采,39,1831
粮,39,1832
敲,38,1833
桑,38,1834
志,38,1835
驻,38,1836
』,38,1837
✨,38,1838
律,38,1839
鲁,38,1840
屏,38,1841
『,38,1842
樣,38,1843
劣,38,1844
络,38,1845
仿,38,1846
·,38,1847
固,37,1848
腔,37,1849
炭,37,1850
途,37,1851
呐,37,1852
伍,37,1853
鹿,37,1854
嗨,37,1855
霜,37,1856
剂,37,1857
痛,37,1858
別,37,1859
桔,36,1860
瑞,36,1861
贯,36,1862
铜,36,1863
狠,36,1864
醬,36,1865
船,36,1866
鸟,36,1867
军,36,1868
愛,36,1869
暑,36,1870
開,35,1871
肺,35,1872
Z,35,1873
洞,35,1874
疯,35,1875
孕,35,1876
席,35,1877
史,35,1878
协,35,1879
递,35,1880
纷,35,1881
洒,35,1882
穷,35,1883
投,35,1884
撤,35,1885
頭,35,1886
鲶,35,1887
壮,35,1888
¥,35,1889
脱,35,1890
碑,34,1891
袜,34,1892
震,34,1893
晨,34,1894
X,34,1895
溏,34,1896
滿,34,1897
V,34,1898
井,34,1899
榛,34,1900
挖,34,1901
裙,34,1902
镜,34,1903
蜡,33,1904
您,33,1905
撞,33,1906
藤,33,1907
泪,33,1908
晃,33,1909
频,33,1910
歡,33,1911
蚌,33,1912
魂,33,1913
熱,33,1914
厦,33,1915
邻,33,1916
圣,33,1917
趟,32,1918
๑,32,1919
册,32,1920
颂,32,1921
荞,32,1922
残,32,1923
谦,32,1924
逗,32,1925
返,32,1926
亏,32,1927
伦,32,1928
齿,32,1929
禁,32,1930
嘎,32,1931
寻,32,1932
戚,31,1933
蔼,31,1934
钵,31,1935
祥,31,1936
荡,31,1937
栋,31,1938
妻,31,1939
睛,31,1940
烛,31,1941
拒,31,1942
"""",31,1943
饪,31,1944
晓,31,1945
現,31,1946
摸,31,1947
缀,31,1948
給,31,1949
仍,31,1950
闸,31,1951
患,31,1952
淘,30,1953
沫,30,1954
蠻,30,1955
種,30,1956
斜,30,1957
唇,30,1958
迫,30,1959
陕,30,1960
竞,30,1961
鍋,30,1962
炙,30,1963
咽,30,1964
叠,30,1965
呛,30,1966
蜇,30,1967
颇,30,1968
坨,30,1969
弯,30,1970
娜,30,1971
捧,30,1972
脖,30,1973
恐,29,1974
掩,29,1975
浅,29,1976
暂,29,1977
梭,29,1978
經,29,1979
茉,29,1980
´,29,1981
堪,29,1982
映,29,1983
鉴,29,1984
糙,29,1985
啧,28,1986
窝,28,1987
間,28,1988
呦,28,1989
辈,28,1990
豌,28,1991
职,28,1992
挡,28,1993
幕,28,1994
蹭,28,1995
鹑,28,1996
兩,28,1997
替,28,1998
勇,28,1999
互,28,2000
晒,28,2001
鹌,28,2002
搅,28,2003
毒,28,2004
页,28,2005
⃣,28,2006
困,28,2007
楂,28,2008
登,28,2009
爬,28,2010
迅,28,2011
鲷,27,2012
枚,27,2013
鼠,27,2014
谅,27,2015
傲,27,2016
搓,27,2017
妃,27,2018
贸,27,2019
浮,27,2020
單,27,2021
膀,27,2022
猴,27,2023
\,27,2024
酌,27,2025
衡,27,2026
匹,27,2027
瓷,27,2028
葩,27,2029
廷,27,2030
举,27,2031
洛,26,2032
障,26,2033
✌,26,2034
症,26,2035
朱,26,2036
捏,26,2037
對,26,2038
內,26,2039
踩,26,2040
努,26,2041
蝶,26,2042
扁,26,2043
敏,26,2044
沉,26,2045
炼,26,2046
＋,26,2047
翼,26,2048
╯,26,2049
荣,26,2050
殊,26,2051
渐,26,2052
莘,26,2053
荪,26,2054
莜,26,2055
蛳,26,2056
蔓,26,2057
蜗,26,2058
哄,26,2059
播,26,2060
丑,26,2061
仓,26,2062
榜,26,2063
肩,26,2064
玲,25,2065
碌,25,2066
怡,25,2067
當,25,2068
無,25,2069
喵,25,2070
‍,25,2071
孔,25,2072
植,25,2073
體,25,2074
佰,25,2075
案,25,2076
赚,25,2077
阁,25,2078
調,25,2079
柱,25,2080
瓦,25,2081
拆,25,2082
瓣,25,2083
检,25,2084
乾,25,2085
>,24,2086
饥,24,2087
霞,24,2088
咾,24,2089
仲,24,2090
芯,24,2091
喽,24,2092
赵,24,2093
贡,24,2094
奢,24,2095
夷,24,2096
試,24,2097
買,24,2098
侧,24,2099
國,24,2100
堵,24,2101
盗,24,2102
質,24,2103
泼,24,2104
藻,24,2105
幻,24,2106
╰,24,2107
進,24,2108
泽,24,2109
粹,24,2110
姓,24,2111
眉,24,2112
滨,24,2113
難,24,2114
帐,24,2115
词,23,2116
录,23,2117
芳,23,2118
育,23,2119
伐,23,2120
寒,23,2121
莱,23,2122
筹,23,2123
恩,23,2124
颠,23,2125
凭,23,2126
慰,23,2127
糜,23,2128
`,23,2129
濑,23,2130
猛,23,2131
窄,23,2132
刘,23,2133
婷,23,2134
阪,23,2135
廊,23,2136
焰,23,2137
東,22,2138
施,22,2139
获,22,2140
琴,22,2141
肘,22,2142
挥,22,2143
廳,22,2144
纹,22,2145
君,22,2146
呃,22,2147
疙,22,2148
瘩,22,2149
绰,22,2150
雀,22,2151
膳,22,2152
旦,22,2153
耗,22,2154
刮,22,2155
沟,22,2156
菊,22,2157
权,22,2158
弥,22,2159
崇,22,2160
蹈,22,2161
鸦,22,2162
御,22,2163
翔,22,2164
話,22,2165
裝,22,2166
乖,22,2167
蜀,22,2168
̀,21,2169
;,21,2170
盟,21,2171
冠,21,2172
恒,21,2173
缤,21,2174
͈,21,2175
吾,21,2176
杰,21,2177
態,21,2178
麸,21,2179
骚,21,2180
怒,21,2181
述,21,2182
骂,21,2183
莹,21,2184
研,21,2185
薦,21,2186
妞,21,2187
欺,21,2188
靓,21,2189
聪,21,2190
凡,21,2191
拨,21,2192
．,21,2193
龍,21,2194
龟,21,2195
忌,21,2196
渡,21,2197
枉,21,2198
肌,21,2199
企,20,2200
屁,20,2201
☕,20,2202
讓,20,2203
荆,20,2204
芬,20,2205
洱,20,2206
郊,20,2207
坂,20,2208
蔽,20,2209
鲳,20,2210
艇,20,2211
爵,20,2212
彻,20,2213
闆,20,2214
幢,20,2215
焙,20,2216
戟,20,2217
≧,20,2218
狼,20,2219
佐,20,2220
≦,20,2221
申,20,2222
昂,20,2223
叹,20,2224
咀,20,2225
艿,20,2226
舰,20,2227
髓,20,2228
益,20,2229
喂,20,2230
吖,20,2231
测,20,2232
酵,20,2233
晰,20,2234
抑,20,2235
阔,20,2236
氏,20,2237
盤,20,2238
|,20,2239
救,20,2240
燥,20,2241
池,20,2242
呷,20,2243
渍,20,2244
详,20,2245
鮰,20,2246
塊,20,2247
染,20,2248
佩,20,2249
察,20,2250
́,20,2251
津,20,2252
钳,20,2253
兵,20,2254
甩,20,2255
拐,20,2256
橱,19,2257
灣,19,2258
弱,19,2259
埋,19,2260
凶,19,2261
嗜,19,2262
蝴,19,2263
╮,19,2264
傍,19,2265
濃,19,2266
缓,19,2267
😋,19,2268
仪,19,2269
劝,19,2270
̈,19,2271
̆,19,2272
撇,19,2273
評,19,2274
忧,19,2275
茂,19,2276
釜,19,2277
旋,19,2278
動,19,2279
喧,19,2280
費,19,2281
抬,19,2282
☆,19,2283
予,19,2284
發,19,2285
帶,19,2286
鲥,19,2287
╭,19,2288
苑,18,2289
幾,18,2290
轩,18,2291
敷,18,2292
榄,18,2293
蔡,18,2294
皆,18,2295
衍,18,2296
荟,18,2297
し,18,2298
敬,18,2299
茅,18,2300
砸,18,2301
戴,18,2302
胚,18,2303
蹦,18,2304
詹,18,2305
雕,18,2306
僻,18,2307
航,18,2308
触,18,2309
稻,18,2310
挨,18,2311
蓬,18,2312
振,18,2313
踏,18,2314
適,18,2315
泳,18,2316
翡,18,2317
層,18,2318
飽,18,2319
猜,17,2320
龄,17,2321
杜,17,2322
础,17,2323
嘟,17,2324
燃,17,2325
烙,17,2326
防,17,2327
缭,17,2328
横,17,2329
丼,17,2330
￥,17,2331
灌,17,2332
陋,17,2333
邊,17,2334
灶,17,2335
抖,17,2336
输,17,2337
毁,17,2338
曹,17,2339
闵,17,2340
擀,17,2341
捡,17,2342
盅,17,2343
昧,17,2344
嗒,17,2345
狭,17,2346
瑶,17,2347
绒,17,2348
門,17,2349
蒲,17,2350
险,17,2351
篮,17,2352
俗,17,2353
凳,17,2354
乏,17,2355
娇,17,2356
眷,17,2357
芭,16,2358
缸,16,2359
雖,16,2360
辘,16,2361
總,16,2362
描,16,2363
囧,16,2364
截,16,2365
 ,16,2366
衬,16,2367
钥,16,2368
碱,16,2369
杞,16,2370
絲,16,2371
社,16,2372
猕,16,2373
驴,16,2374
猩,16,2375
嗓,16,2376
齁,16,2377
撩,16,2378
污,16,2379
莆,16,2380
橄,16,2381
乍,16,2382
沈,16,2383
場,16,2384
恨,16,2385
✪,16,2386
曼,16,2387
央,16,2388
献,16,2389
悄,16,2390
該,16,2391
咔,16,2392
呗,16,2393
枸,16,2394
扭,16,2395
访,16,2396
<,16,2397
哼,16,2398
琳,16,2399
煨,16,2400
隙,16,2401
厂,16,2402
拽,16,2403
违,16,2404
抗,16,2405
铃,16,2406
笃,16,2407
览,16,2408
腱,16,2409
惨,16,2410
阶,16,2411
守,16,2412
隊,15,2413
彼,15,2414
剛,15,2415
幅,15,2416
斧,15,2417
租,15,2418
餅,15,2419
臊,15,2420
厘,15,2421
宇,15,2422
耽,15,2423
應,15,2424
た,15,2425
從,15,2426
遮,15,2427
砖,15,2428
僵,15,2429
→,15,2430
允,15,2431
荫,15,2432
遵,15,2433
筑,15,2434
妨,15,2435
蚵,15,2436
偿,15,2437
矣,15,2438
巢,15,2439
結,15,2440
氣,15,2441
😄,15,2442
戒,15,2443
晴,15,2444
盯,15,2445
钻,15,2446
乃,15,2447
丫,15,2448
亦,15,2449
兼,15,2450
饲,15,2451
伞,15,2452
孙,15,2453
屎,15,2454
渗,15,2455
飲,15,2456
瞎,15,2457
跃,15,2458
仕,15,2459
賣,15,2460
風,14,2461
│,14,2462
伏,14,2463
樂,14,2464
哺,14,2465
贪,14,2466
掺,14,2467
盔,14,2468
薰,14,2469
窜,14,2470
读,14,2471
脯,14,2472
蕨,14,2473
牢,14,2474
U,14,2475
聽,14,2476
吱,14,2477
俏,14,2478
莎,14,2479
径,14,2480
邀,14,2481
厥,14,2482
趾,14,2483
躺,14,2484
愣,14,2485
彭,14,2486
警,14,2487
赫,14,2488
呈,14,2489
鹰,14,2490
徽,14,2491
嘗,14,2492
贼,14,2493
貴,14,2494
励,14,2495
溅,14,2496
類,14,2497
昆,14,2498
扯,14,2499
逢,14,2500
軟,14,2501
馕,14,2502
寄,14,2503
紅,14,2504
籍,14,2505
载,14,2506
匙,14,2507
蒿,14,2508
😍,14,2509
嵌,13,2510
燒,13,2511
膜,13,2512
娟,13,2513
裤,13,2514
迹,13,2515
摔,13,2516
̫,13,2517
讶,13,2518
寨,13,2519
颐,13,2520
怨,13,2521
咙,13,2522
✧,13,2523
征,13,2524
咧,13,2525
执,13,2526
攒,13,2527
蔗,13,2528
遥,13,2529
损,13,2530
奉,13,2531
咳,13,2532
樓,13,2533
董,13,2534
移,13,2535
孤,13,2536
慨,13,2537
萃,13,2538
優,13,2539
旷,13,2540
棘,13,2541
長,13,2542
拎,13,2543
噗,13,2544
税,13,2545
啪,13,2546
刨,13,2547
惹,13,2548
霉,13,2549
迁,13,2550
蕃,13,2551
顧,13,2552
帽,13,2553
盈,13,2554
锣,13,2555
革,13,2556
祖,13,2557
扰,13,2558
驱,13,2559
選,13,2560
い,13,2561
淀,13,2562
疲,13,2563
躲,13,2564
废,13,2565
绣,13,2566
眯,13,2567
党,13,2568
ཻ,13,2569
裂,12,2570
＿,12,2571
啫,12,2572
庙,12,2573
涌,12,2574
歹,12,2575
徒,12,2576
搪,12,2577
纽,12,2578
宠,12,2579
懵,12,2580
噜,12,2581
妖,12,2582
劵,12,2583
陇,12,2584
财,12,2585
奋,12,2586
媚,12,2587
射,12,2588
茜,12,2589
削,12,2590
判,12,2591
魏,12,2592
舅,12,2593
悲,12,2594
橘,12,2595
宅,12,2596
侯,12,2597
陶,12,2598
栽,12,2599
̎,12,2600
逸,12,2601
凝,12,2602
斋,12,2603
⁽,12,2604
兒,12,2605
勃,12,2606
夺,12,2607
條,12,2608
’,12,2609
肆,12,2610
∩,12,2611
漆,12,2612
鑫,12,2613
怠,12,2614
浩,12,2615
茭,12,2616
屑,12,2617
誉,12,2618
唧,12,2619
眠,12,2620
囊,12,2621
與,12,2622
拇,12,2623
悬,12,2624
愤,12,2625
馬,12,2626
膩,12,2627
币,12,2628
驾,12,2629
殷,12,2630
‘,12,2631
枫,11,2632
脾,11,2633
轰,11,2634
谨,11,2635
ε,11,2636
缝,11,2637
兽,11,2638
娄,11,2639
诗,11,2640
‼,11,2641
嗽,11,2642
烊,11,2643
押,11,2644
摄,11,2645
涉,11,2646
確,11,2647
渔,11,2648
忑,11,2649
啰,11,2650
耍,11,2651
岳,11,2652
篇,11,2653
侬,11,2654
汪,11,2655
碍,11,2656
憩,11,2657
宰,11,2658
薪,11,2659
割,11,2660
淨,11,2661
拦,11,2662
馈,11,2663
睬,11,2664
岗,11,2665
ー,11,2666
遭,11,2667
記,11,2668
墅,11,2669
胞,11,2670
暧,11,2671
匠,11,2672
黃,11,2673
橡,11,2674
暇,11,2675
漠,11,2676
庸,11,2677
尺,11,2678
忐,11,2679
杆,11,2680
吻,11,2681
豬,11,2682
恳,11,2683
链,11,2684
矮,11,2685
肪,11,2686
循,11,2687
彈,11,2688
錢,11,2689
缠,10,2690
鹹,10,2691
葫,10,2692
ˊ,10,2693
噶,10,2694
準,10,2695
邦,10,2696
粢,10,2697
裸,10,2698
で,10,2699
痒,10,2700
惧,10,2701
翰,10,2702
垂,10,2703
吮,10,2704
祭,10,2705
措,10,2706
鲑,10,2707
浜,10,2708
跌,10,2709
⁎,10,2710
･,10,2711
溃,10,2712
靜,10,2713
問,10,2714
谐,10,2715
呲,10,2716
噌,10,2717
̴,10,2718
蟑,10,2719
抠,10,2720
坪,10,2721
〖,10,2722
宏,10,2723
線,10,2724
͡,10,2725
👏,10,2726
攻,10,2727
蠢,10,2728
迢,10,2729
羞,10,2730
怖,10,2731
床,10,2732
搁,10,2733
捣,10,2734
柿,10,2735
🍞,10,2736
親,10,2737
屌,10,2738
涼,10,2739
惦,10,2740
笨,10,2741
ˋ,10,2742
骄,10,2743
熙,10,2744
溪,10,2745
讚,10,2746
鄙,10,2747
螂,10,2748
て,10,2749
瞄,10,2750
〗,10,2751
冤,10,2752
炫,10,2753
羽,10,2754
构,10,2755
す,10,2756
٩,10,2757
牧,10,2758
─,10,2759
泛,10,2760
邮,10,2761
凹,10,2762
舀,9,2763
許,9,2764
叭,9,2765
嗎,9,2766
躁,9,2767
廚,9,2768
隍,9,2769
泾,9,2770
變,9,2771
织,9,2772
｡,9,2773
纱,9,2774
慵,9,2775
沃,9,2776
約,9,2777
硕,9,2778
˘,9,2779
槟,9,2780
牵,9,2781
珊,9,2782
電,9,2783
團,9,2784
跨,9,2785
仰,9,2786
炝,9,2787
梁,9,2788
咱,9,2789
寶,9,2790
纤,9,2791
迄,9,2792
磁,9,2793
見,9,2794
辆,9,2795
枕,9,2796
嘤,9,2797
犯,9,2798
並,9,2799
婴,9,2800
纵,9,2801
皿,9,2802
嘞,9,2803
芮,9,2804
攋,9,2805
🌟,9,2806
寥,9,2807
換,9,2808
媲,9,2809
嚷,9,2810
芡,9,2811
級,9,2812
迈,9,2813
👾,9,2814
購,9,2815
涎,9,2816
撼,9,2817
椿,9,2818
衫,9,2819
浑,9,2820
懈,9,2821
畔,9,2822
🐟,9,2823
慧,9,2824
鐵,9,2825
馊,9,2826
鵝,9,2827
郎,9,2828
扮,9,2829
逃,9,2830
瘪,9,2831
っ,9,2832
滤,9,2833
贱,9,2834
裕,9,2835
慌,9,2836
叮,9,2837
襄,9,2838
😊,9,2839
傣,9,2840
夠,9,2841
棋,9,2842
渝,9,2843
潘,9,2844
侠,9,2845
哩,9,2846
沁,9,2847
ﾉ,8,2848
機,8,2849
蚕,8,2850
咩,8,2851
巡,8,2852
綠,8,2853
泻,8,2854
盲,8,2855
週,8,2856
預,8,2857
喇,8,2858
哨,8,2859
孟,8,2860
倾,8,2861
寂,8,2862
辑,8,2863
驗,8,2864
掰,8,2865
丘,8,2866
張,8,2867
嫂,8,2868
幫,8,2869
佬,8,2870
澈,8,2871
审,8,2872
贊,8,2873
哉,8,2874
趋,8,2875
帖,8,2876
擺,8,2877
😓,8,2878
⚈,8,2879
珑,8,2880
吭,8,2881
梗,8,2882
揉,8,2883
戳,8,2884
も,8,2885
舔,8,2886
͒,8,2887
ง,8,2888
煞,8,2889
ま,8,2890
勿,8,2891
鐘,8,2892
叽,8,2893
⁄,8,2894
乔,8,2895
兹,8,2896
掏,8,2897
潜,8,2898
愈,8,2899
腮,8,2900
袅,8,2901
肇,8,2902
唰,8,2903
咨,8,2904
˙,8,2905
攘,8,2906
擇,8,2907
數,8,2908
華,8,2909
驚,8,2910
逐,8,2911
‖,8,2912
が,8,2913
▪,8,2914
℃,8,2915
←,8,2916
籠,8,2917
艾,8,2918
😃,8,2919
製,8,2920
绎,8,2921
⁾,8,2922
陌,8,2923
饕,8,2924
煤,8,2925
藜,8,2926
鹽,8,2927
🏻,8,2928
危,8,2929
哗,8,2930
屈,8,2931
储,8,2932
恢,8,2933
᷅,8,2934
﹏,8,2935
鳜,8,2936
赢,8,2937
雍,8,2938
茼,8,2939
｀,8,2940
ૢ,8,2941
罩,8,2942
彬,8,2943
‾,8,2944
嚣,8,2945
骑,8,2946
鳞,8,2947
坦,8,2948
熄,8,2949
琪,8,2950
¯,8,2951
钩,7,2952
柑,7,2953
終,7,2954
粿,7,2955
巫,7,2956
魅,7,2957
館,7,2958
痘,7,2959
ﾟ,7,2960
斥,7,2961
谧,7,2962
辨,7,2963
萍,7,2964
伸,7,2965
連,7,2966
县,7,2967
湄,7,2968
琵,7,2969
夯,7,2970
🌱,7,2971
屉,7,2972
绘,7,2973
鴨,7,2974
薇,7,2975
丶,7,2976
淳,7,2977
策,7,2978
坤,7,2979
捉,7,2980
阻,7,2981
計,7,2982
笙,7,2983
迭,7,2984
隨,7,2985
卧,7,2986
疏,7,2987
蛎,7,2988
郭,7,2989
瞅,7,2990
郑,7,2991
🙈,7,2992
痕,7,2993
漕,7,2994
赔,7,2995
铲,7,2996
媳,7,2997
辜,7,2998
鹏,7,2999
琶,7,3000
寞,7,3001
嫰,7,3002
揍,7,3003
謝,7,3004
姿,7,3005
肤,7,3006
潇,7,3007
芸,7,3008
倌,7,3009
業,7,3010
灿,7,3011
車,7,3012
伟,7,3013
涵,7,3014
挚,7,3015
陵,7,3016
壹,7,3017
樟,7,3018
飙,7,3019
契,7,3020
扩,7,3021
檸,7,3022
組,7,3023
玄,7,3024
荒,7,3025
關,7,3026
琥,7,3027
❕,7,3028
揭,7,3029
妆,7,3030
吝,7,3031
诸,7,3032
珀,7,3033
湛,7,3034
唠,7,3035
盼,7,3036
幹,7,3037
娱,7,3038
柏,7,3039
挪,7,3040
秦,7,3041
黯,7,3042
矿,7,3043
∇,7,3044
柯,7,3045
委,7,3046
编,6,3047
崩,6,3048
ಥ,6,3049
蓓,6,3050
闩,6,3051
删,6,3052
漓,6,3053
俐,6,3054
瑕,6,3055
雙,6,3056
糠,6,3057
苓,6,3058
皱,6,3059
唔,6,3060
绳,6,3061
殿,6,3062
溫,6,3063
豇,6,3064
ʔ,6,3065
贤,6,3066
豐,6,3067
掘,6,3068
😭,6,3069
噠,6,3070
˃,6,3071
汰,6,3072
毅,6,3073
楠,6,3074
黛,6,3075
俺,6,3076
丛,6,3077
細,6,3078
嗰,6,3079
卓,6,3080
轧,6,3081
辱,6,3082
舟,6,3083
尸,6,3084
衷,6,3085
興,6,3086
胎,6,3087
お,6,3088
摘,6,3089
贺,6,3090
沦,6,3091
嘣,6,3092
顆,6,3093
颤,6,3094
歺,6,3095
袍,6,3096
浃,6,3097
倦,6,3098
衔,6,3099
∀,6,3100
羔,6,3101
韵,6,3102
و,6,3103
魷,6,3104
蘿,6,3105
哀,6,3106
淌,6,3107
垮,6,3108
疵,6,3109
胀,6,3110
侈,6,3111
卸,6,3112
揽,6,3113
˂,6,3114
秤,6,3115
佼,6,3116
瞪,6,3117
係,6,3118
齊,6,3119
毯,6,3120
袭,6,3121
哲,6,3122
瑟,6,3123
钝,6,3124
···,6,3125
😱,6,3126
區,6,3127
淑,6,3128
｢,6,3129
携,6,3130
ั,6,3131
蒋,6,3132
睹,6,3133
∠,6,3134
ฅ,6,3135
监,6,3136
伺,6,3137
●,6,3138
侄,6,3139
瞒,6,3140
幺,6,3141
˶,6,3142
秉,6,3143
茫,6,3144
甥,6,3145
醪,6,3146
鲫,6,3147
谊,6,3148
饅,6,3149
᷄,6,3150
柄,6,3151
浴,6,3152
甬,6,3153
彤,6,3154
禾,6,3155
琅,6,3156
凰,6,3157
雄,6,3158
😁,6,3159
憋,6,3160
匿,6,3161
舊,5,3162
烏,5,3163
胧,5,3164
稣,5,3165
⌒,5,3166
淞,5,3167
尘,5,3168
з,5,3169
ᴗ,5,3170
〜,5,3171
辞,5,3172
恍,5,3173
澡,5,3174
哧,5,3175
嘱,5,3176
須,5,3177
睁,5,3178
诡,5,3179
蚂,5,3180
泊,5,3181
毗,5,3182
⁼,5,3183
紙,5,3184
俭,5,3185
🤤,5,3186
邵,5,3187
驰,5,3188
茗,5,3189
刹,5,3190
🎂,5,3191
掐,5,3192
麽,5,3193
ン,5,3194
箇,5,3195
拯,5,3196
蚶,5,3197
诞,5,3198
貝,5,3199
ノ,5,3200
％,5,3201
阅,5,3202
³,5,3203
貨,5,3204
イ,5,3205
壞,5,3206
仨,5,3207
⌄,5,3208
／,5,3209
恬,5,3210
溶,5,3211
邓,5,3212
框,5,3213
頓,5,3214
傳,5,3215
悟,5,3216
̤,5,3217
蹲,5,3218
侨,5,3219
夾,5,3220
墩,5,3221
撮,5,3222
°,5,3223
辩,5,3224
羡,5,3225
潍,5,3226
刁,5,3227
極,5,3228
緻,5,3229
鳖,5,3230
宿,5,3231
译,5,3232
痴,5,3233
は,5,3234
忒,5,3235
蒂,5,3236
廖,5,3237
敦,5,3238
拣,5,3239
號,5,3240
腳,5,3241
撈,5,3242
補,5,3243
俊,5,3244
鲤,5,3245
朦,5,3246
曰,5,3247
🈶,5,3248
˵,5,3249
滥,5,3250
夭,5,3251
罄,5,3252
阮,5,3253
岸,5,3254
⸝,5,3255
ʏ,5,3256
貼,5,3257
饵,5,3258
谣,5,3259
哆,5,3260
😳,5,3261
強,5,3262
皂,5,3263
帘,5,3264
竖,5,3265
罚,5,3266
燙,5,3267
肫,5,3268
絕,5,3269
雲,5,3270
圓,5,3271
颊,5,3272
翘,5,3273
甸,5,3274
拷,5,3275
茴,5,3276
髦,5,3277
贬,5,3278
訂,5,3279
拳,5,3280
雁,5,3281
🤣,5,3282
☝,5,3283
蘇,5,3284
俄,5,3285
鲨,5,3286
寓,5,3287
靡,5,3288
蝉,5,3289
₃,5,3290
邱,5,3291
韓,5,3292
棕,5,3293
堤,5,3294
き,5,3295
̶,5,3296
拗,5,3297
🎃,5,3298
跪,5,3299
＼,5,3300
卢,5,3301
遛,5,3302
麟,5,3303
鸿,5,3304
抛,5,3305
彰,5,3306
紹,5,3307
況,5,3308
廣,5,3309
晋,5,3310
踪,5,3311
耙,5,3312
癌,5,3313
乞,5,3314
卵,5,3315
ಡ,4,3316
ؒ,4,3317
愚,4,3318
離,4,3319
❝,4,3320
醺,4,3321
＾,4,3322
馥,4,3323
佷,4,3324
旮,4,3325
嘲,4,3326
標,4,3327
□,4,3328
跷,4,3329
崎,4,3330
狀,4,3331
唤,4,3332
丈,4,3333
锵,4,3334
۶,4,3335
诀,4,3336
锈,4,3337
窃,4,3338
爛,4,3339
砍,4,3340
汹,4,3341
瀨,4,3342
璧,4,3343
創,4,3344
裁,4,3345
敗,4,3346
茹,4,3347
瞰,4,3348
撻,4,3349
悚,4,3350
俘,4,3351
ヾ,4,3352
臣,4,3353
餃,4,3354
姬,4,3355
呕,4,3356
吆,4,3357
騙,4,3358
鲟,4,3359
辄,4,3360
政,4,3361
孵,4,3362
饯,4,3363
🐮,4,3364
̛,4,3365
炮,4,3366
ʕ,4,3367
韦,4,3368
漿,4,3369
腆,4,3370
拟,4,3371
弘,4,3372
帆,4,3373
逻,4,3374
叨,4,3375
と,4,3376
－,4,3377
蔥,4,3378
┻,4,3379
🐷,4,3380
焉,4,3381
镰,4,3382
俯,4,3383
隻,4,3384
聘,4,3385
◞,4,3386
♀,4,3387
ົ,4,3388
達,4,3389
簿,4,3390
語,4,3391
讷,4,3392
犷,4,3393
洪,4,3394
唷,4,3395
晤,4,3396
墓,4,3397
師,4,3398
宛,4,3399
麗,4,3400
澜,4,3401
驳,4,3402
棵,4,3403
屹,4,3404
🌚,4,3405
篷,4,3406
沌,4,3407
鞠,4,3408
幌,4,3409
餮,4,3410
涕,4,3411
續,4,3412
擂,4,3413
純,4,3414
鲸,4,3415
拘,4,3416
哐,4,3417
轨,4,3418
🤷,4,3419
苋,4,3420
遠,4,3421
︶,4,3422
稽,4,3423
膝,4,3424
媽,4,3425
袖,4,3426
ོ,4,3427
蝠,4,3428
簡,4,3429
論,4,3430
ㄧ,4,3431
嘀,4,3432
鳍,4,3433
呜,4,3434
碾,4,3435
辗,4,3436
犀,4,3437
睐,4,3438
惺,4,3439
喲,4,3440
卻,4,3441
艷,4,3442
處,4,3443
妄,4,3444
诈,4,3445
盱,4,3446
順,4,3447
認,4,3448
據,4,3449
陀,4,3450
腸,4,3451
嚒,4,3452
旯,4,3453
漸,4,3454
妒,4,3455
ル,4,3456
肖,4,3457
晾,4,3458
裔,4,3459
腼,4,3460
欸,4,3461
憨,4,3462
🐶,4,3463
專,4,3464
◟,4,3465
樸,4,3466
寫,4,3467
恵,4,3468
磅,4,3469
眾,4,3470
蝙,4,3471
愁,4,3472
焊,4,3473
衰,4,3474
侮,4,3475
锤,4,3476
壽,4,3477
̱,4,3478
岚,4,3479
🌝,4,3480
膘,4,3481
凸,4,3482
☔,4,3483
骰,4,3484
宮,4,3485
沽,4,3486
瞧,4,3487
屯,4,3488
視,4,3489
👌,4,3490
−,4,3491
滇,4,3492
節,4,3493
焕,4,3494
榕,4,3495
锻,4,3496
赌,4,3497
乒,4,3498
苛,4,3499
豹,4,3500
苟,4,3501
匝,4,3502
網,4,3503
眙,4,3504
♪,4,3505
涛,4,3506
🙃,4,3507
⁍,4,3508
議,4,3509
卦,4,3510
乓,4,3511
̩,4,3512
趕,4,3513
舉,4,3514
镶,4,3515
漉,4,3516
💋,4,3517
蚱,4,3518
็,4,3519
膈,4,3520
苣,4,3521
薩,4,3522
牦,4,3523
笛,4,3524
嗦,4,3525
請,4,3526
響,4,3527
召,4,3528
肃,4,3529
胼,4,3530
躬,4,3531
聞,4,3532
ཽ,4,3533
熘,4,3534
惫,4,3535
倡,4,3536
嚐,4,3537
寬,4,3538
頗,4,3539
箭,4,3540
┬,4,3541
💢,4,3542
に,4,3543
啬,4,3544
ᵎ,4,3545
蛹,3,3546
赴,3,3547
琢,3,3548
戶,3,3549
隧,3,3550
煌,3,3551
幼,3,3552
佑,3,3553
༅,3,3554
驼,3,3555
咦,3,3556
惭,3,3557
煽,3,3558
鲅,3,3559
磕,3,3560
獅,3,3561
嘬,3,3562
璨,3,3563
麒,3,3564
搂,3,3565
爐,3,3566
皖,3,3567
琐,3,3568
だ,3,3569
邯,3,3570
噪,3,3571
–,3,3572
畸,3,3573
歐,3,3574
邨,3,3575
嚎,3,3576
诿,3,3577
噻,3,3578
₍,3,3579
營,3,3580
裱,3,3581
兀,3,3582
饶,3,3583
學,3,3584
輪,3,3585
嚴,3,3586
嗝,3,3587
噔,3,3588
ʃ,3,3589
鞘,3,3590
篓,3,3591
Д,3,3592
か,3,3593
媛,3,3594
枞,3,3595
鳅,3,3596
ᴀ,3,3597
れ,3,3598
陰,3,3599
佘,3,3600
荚,3,3601
郸,3,3602
撐,3,3603
赋,3,3604
葉,3,3605
負,3,3606
つ,3,3607
掷,3,3608
巩,3,3609
楊,3,3610
筛,3,3611
鹊,3,3612
娥,3,3613
揣,3,3614
⁻,3,3615
︵,3,3616
绞,3,3617
狱,3,3618
踢,3,3619
岀,3,3620
届,3,3621
坛,3,3622
隅,3,3623
宙,3,3624
り,3,3625
敖,3,3626
仗,3,3627
講,3,3628
腦,3,3629
},3,3630
酬,3,3631
🍲,3,3632
恼,3,3633
褒,3,3634
輕,3,3635
馓,3,3636
煙,3,3637
👿,3,3638
潔,3,3639
♡,3,3640
卑,3,3641
枯,3,3642
讪,3,3643
磊,3,3644
稅,3,3645
炳,3,3646
逆,3,3647
仇,3,3648
︎,3,3649
͟,3,3650
園,3,3651
旬,3,3652
鳄,3,3653
跋,3,3654
斛,3,3655
桢,3,3656
敵,3,3657
汲,3,3658
肿,3,3659
汆,3,3660
😬,3,3661
孝,3,3662
惚,3,3663
蕴,3,3664
湟,3,3665
吕,3,3666
掀,3,3667
坎,3,3668
爾,3,3669
☀,3,3670
嚓,3,3671
ؑ,3,3672
浏,3,3673
👫,3,3674
減,3,3675
秩,3,3676
♥,3,3677
↓,3,3678
🍔,3,3679
撺,3,3680
藍,3,3681
辟,3,3682
逝,3,3683
猎,3,3684
瑪,3,3685
穆,3,3686
嬉,3,3687
氧,3,3688
匪,3,3689
緊,3,3690
锋,3,3691
嗑,3,3692
旭,3,3693
脉,3,3694
項,3,3695
芷,3,3696
繽,3,3697
餓,3,3698
₎,3,3699
耻,3,3700
🐂,3,3701
睫,3,3702
筱,3,3703
贫,3,3704
嫁,3,3705
🔥,3,3706
喏,3,3707
绩,3,3708
绸,3,3709
紊,3,3710
鰲,3,3711
徘,3,3712
氲,3,3713
孽,3,3714
༄,3,3715
蠔,3,3716
媒,3,3717
嵩,3,3718
😉,3,3719
િ,3,3720
稼,3,3721
瑜,3,3722
抚,3,3723
滙,3,3724
筐,3,3725
喳,3,3726
蠕,3,3727
さ,3,3728
ん,3,3729
绪,3,3730
🎀,3,3731
沧,3,3732
討,3,3733
眺,3,3734
稿,3,3735
汾,3,3736
囗,3,3737
沖,3,3738
詢,3,3739
ヽ,3,3740
裏,3,3741
蓮,3,3742
杷,3,3743
趸,3,3744
擅,3,3745
祛,3,3746
🍹,3,3747
坍,3,3748
̮,3,3749
袁,3,3750
🥑,3,3751
庐,3,3752
绅,3,3753
ƪ,3,3754
佈,3,3755
悸,3,3756
攀,3,3757
铸,3,3758
寝,3,3759
⌣,3,3760
勁,3,3761
隴,3,3762
鸣,3,3763
哝,3,3764
ڡ,3,3765
鬚,3,3766
倪,3,3767
嗖,3,3768
虲,3,3769
昭,3,3770
遂,3,3771
嘘,3,3772
灸,3,3773
丟,3,3774
岐,3,3775
枇,3,3776
姚,3,3777
瓢,3,3778
筝,3,3779
贩,3,3780
穩,3,3781
慈,3,3782
碼,3,3783
プ,3,3784
鋪,3,3785
腴,3,3786
氮,3,3787
沥,3,3788
氤,3,3789
ᴇ,3,3790
ؓ,3,3791
爿,3,3792
ؐ,3,3793
挻,3,3794
ッ,3,3795
鰤,3,3796
邪,3,3797
霓,3,3798
暹,3,3799
,3,3800
í,3,3801
屬,3,3802
靖,3,3803
豁,3,3804
稱,3,3805
囱,3,3806
慷,3,3807
冯,3,3808
羅,3,3809
😝,3,3810
褐,3,3811
譬,3,3812
跤,3,3813
鹤,3,3814
庚,3,3815
噼,3,3816
抜,3,3817
岂,3,3818
蓋,3,3819
報,3,3820
{,3,3821
慘,3,3822
犄,3,3823
沱,2,3824
囔,2,3825
捕,2,3826
霾,2,3827
メ,2,3828
帥,2,3829
圳,2,3830
蟠,2,3831
锐,2,3832
炽,2,3833
潦,2,3834
聯,2,3835
◡,2,3836
願,2,3837
孰,2,3838
钮,2,3839
授,2,3840
槍,2,3841
穫,2,3842
✿,2,3843
蘭,2,3844
◕,2,3845
ರ,2,3846
醃,2,3847
疡,2,3848
茨,2,3849
運,2,3850
拓,2,3851
┌,2,3852
崂,2,3853
萬,2,3854
鱇,2,3855
［,2,3856
飚,2,3857
踵,2,3858
捂,2,3859
析,2,3860
鬆,2,3861
🙄,2,3862
斟,2,3863
積,2,3864
锚,2,3865
婉,2,3866
談,2,3867
୧,2,3868
督,2,3869
こ,2,3870
锥,2,3871
※,2,3872
剃,2,3873
蝈,2,3874
ຶ,2,3875
淹,2,3876
壕,2,3877
绽,2,3878
タ,2,3879
偌,2,3880
徕,2,3881
侃,2,3882
¼,2,3883
畢,2,3884
禮,2,3885
臻,2,3886
盡,2,3887
濛,2,3888
呸,2,3889
沼,2,3890
,2,3891
͓,2,3892
▂,2,3893
ᵕ,2,3894
铂,2,3895
✂,2,3896
夥,2,3897
≖,2,3898
箍,2,3899
楞,2,3900
绚,2,3901
屿,2,3902
陂,2,3903
ↀ,2,3904
谭,2,3905
ひ,2,3906
耿,2,3907
螚,2,3908
囫,2,3909
✈,2,3910
募,2,3911
閃,2,3912
﹁,2,3913
題,2,3914
铛,2,3915
墊,2,3916
喻,2,3917
蔫,2,3918
虐,2,3919
绊,2,3920
酯,2,3921
晦,2,3922
錫,2,3923
唆,2,3924
饽,2,3925
轆,2,3926
⬆,2,3927
黝,2,3928
❄,2,3929
ؔ,2,3930
漾,2,3931
亿,2,3932
鎮,2,3933
蒟,2,3934
扛,2,3935
盎,2,3936
掠,2,3937
辦,2,3938
绢,2,3939
థ,2,3940
臉,2,3941
鲽,2,3942
倩,2,3943
捲,2,3944
識,2,3945
讯,2,3946
炕,2,3947
よ,2,3948
װ,2,3949
ㅂ,2,3950
騰,2,3951
嗤,2,3952
帜,2,3953
ᴘ,2,3954
亨,2,3955
嚇,2,3956
蹋,2,3957
顏,2,3958
瘫,2,3959
勝,2,3960
鮟,2,3961
📍,2,3962
ી,2,3963
邢,2,3964
閨,2,3965
蘋,2,3966
拢,2,3967
诽,2,3968
奕,2,3969
剌,2,3970
蛟,2,3971
餈,2,3972
哑,2,3973
汀,2,3974
鹦,2,3975
兢,2,3976
茵,2,3977
漱,2,3978
诧,2,3979
🍠,2,3980
渤,2,3981
庇,2,3982
侵,2,3983
＂,2,3984
鴿,2,3985
雏,2,3986
ψ,2,3987
カ,2,3988
甄,2,3989
눈,2,3990
惆,2,3991
栅,2,3992
︿,2,3993
啸,2,3994
贾,2,3995
蔔,2,3996
棄,2,3997
槿,2,3998
😤,2,3999
寅,2,4000
殼,2,4001
を,2,4002
′,2,4003
雜,2,4004
沐,2,4005
芍,2,4006
鲮,2,4007
羲,2,4008
魄,2,4009
抿,2,4010
設,2,4011
🚇,2,4012
ღ,2,4013
ؖ,2,4014
Ő,2,4015
簸,2,4016
☻,2,4017
燚,2,4018
$,2,4019
棠,2,4020
霖,2,4021
叙,2,4022
ぶ,2,4023
栏,2,4024
๓,2,4025
撥,2,4026
涔,2,4027
せ,2,4028
骏,2,4029
溧,2,4030
習,2,4031
蛛,2,4032
義,2,4033
噎,2,4034
凍,2,4035
ೃ,2,4036
∗,2,4037
耀,2,4038
镐,2,4039
旨,2,4040
涅,2,4041
ԅ,2,4042
晏,2,4043
褶,2,4044
餛,2,4045
則,2,4046
箕,2,4047
ಠ,2,4048
槓,2,4049
菱,2,4050
毋,2,4051
廿,2,4052
ら,2,4053
驢,2,4054
✺,2,4055
辽,2,4056
梳,2,4057
衛,2,4058
😜,2,4059
⛦,2,4060
筆,2,4061
💜,2,4062
滾,2,4063
ᗨ,2,4064
荸,2,4065
憧,2,4066
惟,2,4067
糾,2,4068
統,2,4069
挫,2,4070
轉,2,4071
鮭,2,4072
妮,2,4073
ゃ,2,4074
醛,2,4075
亘,2,4076
伽,2,4077
꒪,2,4078
😞,2,4079
髈,2,4080
💙,2,4081
➡,2,4082
囵,2,4083
慣,2,4084
᷀,2,4085
違,2,4086
兆,2,4087
嬌,2,4088
😘,2,4089
고,2,4090
な,2,4091
燈,2,4092
炬,2,4093
麥,2,4094
绑,2,4095
垄,2,4096
惩,2,4097
༎,2,4098
砰,2,4099
瀑,2,4100
匯,2,4101
牺,2,4102
┐,2,4103
擞,2,4104
🤔,2,4105
̳,2,4106
氓,2,4107
闫,2,4108
焯,2,4109
冈,2,4110
௰,2,4111
🍵,2,4112
帳,2,4113
泔,2,4114
曝,2,4115
聋,2,4116
☘,2,4117
Ｏ,2,4118
ؕ,2,4119
鹉,2,4120
π,2,4121
蜒,2,4122
畜,2,4123
箔,2,4124
鮑,2,4125
緩,2,4126
弗,2,4127
臂,2,4128
鲔,2,4129
╹,2,4130
拙,2,4131
械,2,4132
證,2,4133
皋,2,4134
窣,2,4135
緣,2,4136
姗,2,4137
😖,2,4138
］,2,4139
榭,2,4140
ര,2,4141
ビ,2,4142
喘,2,4143
洽,2,4144
窖,2,4145
艰,2,4146
ì,2,4147
巍,2,4148
弊,2,4149
俨,2,4150
婊,2,4151
⸃,2,4152
み,2,4153
癮,2,4154
鹜,2,4155
🌶,2,4156
掼,2,4157
斓,2,4158
峙,2,4159
谆,2,4160
⚘,2,4161
潺,2,4162
函,2,4163
☞,2,4164
⚠,2,4165
👻,2,4166
資,2,4167
榆,2,4168
骤,2,4169
漲,2,4170
犊,2,4171
寐,2,4172
丧,2,4173
禧,2,4174
嗷,2,4175
铝,2,4176
้,2,4177
💛,2,4178
蒡,2,4179
梆,2,4180
✋,2,4181
〰,2,4182
や,2,4183
蛔,2,4184
繼,2,4185
＝,2,4186
ニ,2,4187
乜,2,4188
🥗,2,4189
荼,2,4190
啵,2,4191
牲,2,4192
曳,2,4193
侍,2,4194
姥,2,4195
≡,2,4196
泌,2,4197
斌,2,4198
粵,2,4199
阑,2,4200
腑,2,4201
⬇,2,4202
丐,2,4203
飢,2,4204
顽,2,4205
撂,2,4206
💰,2,4207
衝,2,4208
婶,2,4209
窩,2,4210
膨,2,4211
サ,2,4212
恕,2,4213
Ψ,2,4214
🤗,2,4215
蜘,2,4216
இ,2,4217
骷,2,4218
冥,2,4219
忱,2,4220
怅,2,4221
規,2,4222
亢,2,4223
蒻,2,4224
栓,2,4225
魯,2,4226
誼,2,4227
禅,2,4228
娴,2,4229
肾,2,4230
喋,2,4231
檢,2,4232
稞,2,4233
窸,2,4234
彦,2,4235
澄,2,4236
莽,2,4237
狈,2,4238
龚,2,4239
茬,2,4240
＠,2,4241
💚,2,4242
━,2,4243
②,2,4244
殄,2,4245
札,2,4246
矫,2,4247
Ｔ,2,4248
🔷,2,4249
壑,2,4250
隱,2,4251
課,2,4252
瘴,2,4253
⸂,2,4254
鲢,2,4255
輸,2,4256
嫦,2,4257
茎,2,4258
妺,2,4259
邂,2,4260
徊,2,4261
嘢,2,4262
钞,2,4263
劇,2,4264
淤,2,4265
੭,2,4266
逅,2,4267
坯,2,4268
膽,2,4269
嗅,2,4270
ュ,2,4271
鱻,2,4272
拭,2,4273
赘,2,4274
钰,2,4275
铅,2,4276
嫉,2,4277
窍,2,4278
歷,2,4279
❛,2,4280
忿,2,4281
搖,2,4282
憬,2,4283
兮,2,4284
產,2,4285
崔,2,4286
罕,2,4287
莼,1,4288
椴,1,4289
愜,1,4290
埃,1,4291
槐,1,4292
瞥,1,4293
钦,1,4294
縮,1,4295
네,1,4296
⑤,1,4297
聆,1,4298
蔑,1,4299
襪,1,4300
醮,1,4301
遑,1,4302
辺,1,4303
フ,1,4304
ご,1,4305
요,1,4306
娌,1,4307
坝,1,4308
諸,1,4309
頑,1,4310
珅,1,4311
,1,4312
玪,1,4313
👭,1,4314
완,1,4315
擠,1,4316
乙,1,4317
彪,1,4318
臬,1,4319
魁,1,4320
矛,1,4321
胳,1,4322
氨,1,4323
💏,1,4324
奴,1,4325
雇,1,4326
鄉,1,4327
佇,1,4328
秃,1,4329
赎,1,4330
誰,1,4331
ᆺ,1,4332
採,1,4333
诫,1,4334
阜,1,4335
嘌,1,4336
🍾,1,4337
孪,1,4338
蹊,1,4339
驭,1,4340
２,1,4341
糞,1,4342
粃,1,4343
囍,1,4344
臀,1,4345
전,1,4346
辙,1,4347
砚,1,4348
骆,1,4349
淅,1,4350
錶,1,4351
鉗,1,4352
載,1,4353
甫,1,4354
扈,1,4355
縂,1,4356
捐,1,4357
🏮,1,4358
咿,1,4359
槺,1,4360
蚓,1,4361
ウ,1,4362
姪,1,4363
圃,1,4364
蝸,1,4365
書,1,4366
凈,1,4367
🍀,1,4368
鬧,1,4369
×,1,4370
曬,1,4371
暢,1,4372
壺,1,4373
橋,1,4374
絡,1,4375
聰,1,4376
裴,1,4377
株,1,4378
粪,1,4379
䏜,1,4380
煩,1,4381
唅,1,4382
♻,1,4383
💯,1,4384
釀,1,4385
価,1,4386
錨,1,4387
纫,1,4388
戈,1,4389
🉐,1,4390
⚡,1,4391
觎,1,4392
д,1,4393
廠,1,4394
˚,1,4395
揩,1,4396
贅,1,4397
汝,1,4398
旻,1,4399
紐,1,4400
杵,1,4401
棱,1,4402
搶,1,4403
蠍,1,4404
다,1,4405
✔,1,4406
伪,1,4407
💖,1,4408
濡,1,4409
杧,1,4410
도,1,4411
😦,1,4412
觑,1,4413
ぼ,1,4414
謂,1,4415
ｅ,1,4416
😅,1,4417
窥,1,4418
亡,1,4419
贞,1,4420
鮋,1,4421
毎,1,4422
栉,1,4423
蹩,1,4424
壤,1,4425
叼,1,4426
滞,1,4427
觥,1,4428
暮,1,4429
痔,1,4430
소,1,4431
尉,1,4432
扳,1,4433
绷,1,4434
骺,1,4435
帷,1,4436
棗,1,4437
喼,1,4438
陛,1,4439
幔,1,4440
跶,1,4441
臆,1,4442
転,1,4443
诊,1,4444
🍶,1,4445
玮,1,4446
蟮,1,4447
囖,1,4448
瞌,1,4449
鸾,1,4450
෴,1,4451
呴,1,4452
餚,1,4453
劑,1,4454
筍,1,4455
履,1,4456
蔚,1,4457
苕,1,4458
镉,1,4459
擱,1,4460
犬,1,4461
䓤,1,4462
🎋,1,4463
眩,1,4464
‧,1,4465
霎,1,4466
姣,1,4467
逞,1,4468
狐,1,4469
辖,1,4470
倫,1,4471
💤,1,4472
泵,1,4473
涫,1,4474
術,1,4475
鞍,1,4476
謹,1,4477
鏢,1,4478
ᕗ,1,4479
缯,1,4480
叁,1,4481
泯,1,4482
ς,1,4483
颅,1,4484
誠,1,4485
妳,1,4486
拧,1,4487
飄,1,4488
説,1,4489
觊,1,4490
厄,1,4491
鮳,1,4492
瀝,1,4493
ᐛ,1,4494
🈵,1,4495
枱,1,4496
擁,1,4497
🅿,1,4498
ホ,1,4499
ཫ,1,4500
葷,1,4501
３,1,4502
؂,1,4503
モ,1,4504
哚,1,4505
卞,1,4506
迂,1,4507
渚,1,4508
镂,1,4509
脫,1,4510
🌳,1,4511
聖,1,4512
奌,1,4513
鄂,1,4514
羶,1,4515
軒,1,4516
痰,1,4517
潭,1,4518
🍮,1,4519
町,1,4520
鍛,1,4521
铰,1,4522
１,1,4523
ʜ,1,4524
戲,1,4525
庖,1,4526
④,1,4527
┘,1,4528
鋼,1,4529
🔚,1,4530
恤,1,4531
┰,1,4532
亞,1,4533
铹,1,4534
 ,1,4535
廂,1,4536
😕,1,4537
膊,1,4538
赐,1,4539
👯,1,4540
暄,1,4541
😡,1,4542
啼,1,4543
婿,1,4544
鹭,1,4545
誓,1,4546
慑,1,4547
菎,1,4548
🍰,1,4549
辫,1,4550
搗,1,4551
ᗜ,1,4552
峪,1,4553
🚌,1,4554
杉,1,4555
谗,1,4556
窘,1,4557
🍁,1,4558
挣,1,4559
鑿,1,4560
葛,1,4561
満,1,4562
谎,1,4563
圍,1,4564
舂,1,4565
護,1,4566
⌚,1,4567
餿,1,4568
硝,1,4569
纺,1,4570
ｉ,1,4571
頻,1,4572
岭,1,4573
懦,1,4574
賢,1,4575
㉨,1,4576
栈,1,4577
σ,1,4578
༼,1,4579
沓,1,4580
蜿,1,4581
値,1,4582
祠,1,4583
​,1,4584
慶,1,4585
玷,1,4586
¨¨¨,1,4587
었,1,4588
缇,1,4589
胛,1,4590
邑,1,4591
ʙ,1,4592
吁,1,4593
鴦,1,4594
庞,1,4595
蟲,1,4596
椭,1,4597
饷,1,4598
⸜,1,4599
禄,1,4600
榮,1,4601
🇮,1,4602
喀,1,4603
噴,1,4604
༽,1,4605
爭,1,4606
炜,1,4607
◐,1,4608
😌,1,4609
ね,1,4610
圭,1,4611
╲,1,4612
儡,1,4613
ｌ,1,4614
惮,1,4615
⚽,1,4616
腺,1,4617
稚,1,4618
潼,1,4619
祸,1,4620
箸,1,4621
羌,1,4622
衩,1,4623
霹,1,4624
钉,1,4625
僅,1,4626
㊗,1,4627
湊,1,4628
噹,1,4629
璜,1,4630
鸠,1,4631
🍡,1,4632
✰,1,4633
飾,1,4634
矜,1,4635
戀,1,4636
虔,1,4637
馔,1,4638
嵐,1,4639
🆕,1,4640
ν,1,4641
峇,1,4642
舗,1,4643
🍢,1,4644
🍚,1,4645
祈,1,4646
矗,1,4647
祁,1,4648
臨,1,4649
ؙ,1,4650
盏,1,4651
玟,1,4652
劫,1,4653
顛,1,4654
ソ,1,4655
骥,1,4656
將,1,4657
🐵,1,4658
臧,1,4659
毽,1,4660
〕,1,4661
隘,1,4662
朥,1,4663
絞,1,4664
🏁,1,4665
宓,1,4666
①,1,4667
糅,1,4668
凱,1,4669
絨,1,4670
奮,1,4671
猥,1,4672
蓄,1,4673
痩,1,4674
璀,1,4675
✩,1,4676
櫃,1,4677
泣,1,4678
擋,1,4679
針,1,4680
オ,1,4681
😙,1,4682
腕,1,4683
咏,1,4684
鞭,1,4685
窑,1,4686
娑,1,4687
痣,1,4688
琲,1,4689
遣,1,4690
기,1,4691
ꇴ,1,4692
🌞,1,4693
築,1,4694
妯,1,4695
☹,1,4696
卯,1,4697
姊,1,4698
ʀ,1,4699
宥,1,4700
堀,1,4701
嚏,1,4702
萧,1,4703
箴,1,4704
疚,1,4705
矾,1,4706
囤,1,4707
荕,1,4708
瞞,1,4709
靈,1,4710
☑,1,4711
る,1,4712
銅,1,4713
钙,1,4714
〔,1,4715
༝,1,4716
暈,1,4717
珈,1,4718
陣,1,4719
侥,1,4720
➖,1,4721
冉,1,4722
｜,1,4723
ᴜ,1,4724
ナ,1,4725
霍,1,4726
歧,1,4727
雯,1,4728
祟,1,4729
ؘ,1,4730
ｏ,1,4731
垢,1,4732
迸,1,4733
渊,1,4734
膄,1,4735
癢,1,4736
🎈,1,4737
遊,1,4738
夢,1,4739
挽,1,4740
攏,1,4741
匾,1,4742
즈,1,4743
竽,1,4744
蛀,1,4745
ᴍ,1,4746
🌛,1,4747
蝽,1,4748
鄰,1,4749
ଘ,1,4750
〃,1,4751
🌸,1,4752
粟,1,4753
羮,1,4754
復,1,4755
🥕,1,4756
崙,1,4757
ᕕ,1,4758
悍,1,4759
暨,1,4760
傢,1,4761
垒,1,4762
摧,1,4763
慾,1,4764
剖,1,4765
㴋,1,4766
筠,1,4767
🍗,1,4768
🍅,1,4769
栩,1,4770
焼,1,4771
碉,1,4772
皓,1,4773
怂,1,4774
佣,1,4775
咎,1,4776
蕎,1,4777
寧,1,4778
鲻,1,4779
,1,4780
༻,1,4781
呤,1,4782
⌛,1,4783
賊,1,4784
缉,1,4785
貿,1,4786
靼,1,4787
跩,1,4788
瞭,1,4789
赣,1,4790
⑥,1,4791
堰,1,4792
泄,1,4793
俪,1,4794
轴,1,4795
捶,1,4796
貪,1,4797
実,1,4798
哔,1,4799
鞑,1,4800
诩,1,4801
畏,1,4802
穴,1,4803
讽,1,4804
嬴,1,4805
艘,1,4806
ほ,1,4807
୨,1,4808
鴛,1,4809
💅,1,4810
翏,1,4811
槎,1,4812
涷,1,4813
贈,1,4814
😢,1,4815
⚖,1,4816
レ,1,4817
髮,1,4818
丙,1,4819
燎,1,4820
蜕,1,4821
備,1,4822
잘,1,4823
ټ,1,4824
౨,1,4825
ガ,1,4826
瞿,1,4827
弋,1,4828
廁,1,4829
犒,1,4830
禹,1,4831
彷,1,4832
卅,1,4833
冽,1,4834
ᴥ,1,4835
痷,1,4836
鑼,1,4837
簧,1,4838
💕,1,4839
镭,1,4840
缚,1,4841
褪,1,4842
먹,1,4843
˽,1,4844
唻,1,4845
攔,1,4846
醫,1,4847
摒,1,4848
衹,1,4849
懶,1,4850
🌲,1,4851
赝,1,4852
競,1,4853
肢,1,4854
🥒,1,4855
≥,1,4856
ち,1,4857
簇,1,4858
梛,1,4859
逮,1,4860
涝,1,4861
辰,1,4862
捆,1,4863
🎵,1,4864
猬,1,4865
😀,1,4866
啜,1,4867
滷,1,4868
é,1,4869
诣,1,4870
掇,1,4871
壓,1,4872
脬,1,4873
⑧,1,4874
珏,1,4875
淆,1,4876
攸,1,4877
痹,1,4878
❗,1,4879
暫,1,4880
嘚,1,4881
ᴅ,1,4882
佤,1,4883
烯,1,4884
🙉,1,4885
₊,1,4886
う,1,4887
豔,1,4888
浊,1,4889
閔,1,4890
傷,1,4891
玖,1,4892
坠,1,4893
廈,1,4894
诟,1,4895
‵,1,4896
赅,1,4897
昵,1,4898
臘,1,4899
하,1,4900
嘍,1,4901
ゞ,1,4902
剽,1,4903
❣,1,4904
🤡,1,4905
槛,1,4906
卒,1,4907
奪,1,4908
雳,1,4909
蠟,1,4910
梓,1,4911
치,1,4912
聲,1,4913
鲣,1,4914
ᵒ,1,4915
🚲,1,4916
颁,1,4917
弛,1,4918
曦,1,4919
н,1,4920
維,1,4921
筵,1,4922
蕊,1,4923
脘,1,4924
缴,1,4925
鍾,1,4926
掃,1,4927
⛵,1,4928
蚤,1,4929
餘,1,4930
瞟,1,4931
◇,1,4932
№,1,4933
倆,1,4934
䂜,1,4935
飛,1,4936
炊,1,4937
ゝ,1,4938
偉,1,4939
眨,1,4940
👀,1,4941
猿,1,4942
獨,1,4943
诓,1,4944
倚,1,4945
睌,1,4946
淼,1,4947
斦,1,4948
糸,1,4949
贻,1,4950
ｄ,1,4951
呱,1,4952
勞,1,4953
₌,1,4954
杖,1,4955
殴,1,4956
鲌,1,4957
哞,1,4958
殖,1,4959
誌,1,4960
﹃,1,4961
妓,1,4962
幂,1,4963
紋,1,4964
繹,1,4965
貂,1,4966
６,1,4967
檳,1,4968
樹,1,4969
囡,1,4970
❔,1,4971
莠,1,4972
ラ,1,4973
圖,1,4974
钗,1,4975
💃,1,4976
瑚,1,4977
⚰,1,4978
ᵏ,1,4979
庹,1,4980
밥,1,4981
佢,1,4982
🐠,1,4983
吨,1,4984
梢,1,4985
髅,1,4986
変,1,4987
孢,1,4988
🙊,1,4989
苞,1,4990
驶,1,4991
尹,1,4992
遺,1,4993
屠,1,4994
ス,1,4995
奸,1,4996
づ,1,4997
酉,1,4998
飩,1,4999
煦,1,5000
叩,1,5001
滓,1,5002
訥,1,5003
🎍,1,5004
౪,1,5005
滂,1,5006
缔,1,5007
🐒,1,5008
訓,1,5009
爺,1,5010
钠,1,5011
薹,1,5012
ˌ,1,5013
泷,1,5014
衱,1,5015
凄,1,5016
け,1,5017
忎,1,5018
습,1,5019
🌿,1,5020
😫,1,5021
😏,1,5022
맛,1,5023
彿,1,5024
陝,1,5025
銀,1,5026
谜,1,5027
踋,1,5028
ｂ,1,5029
飪,1,5030
鍊,1,5031
ᴠ,1,5032
柽,1,5033
憐,1,5034
ツ,1,5035
甭,1,5036
竭,1,5037
霆,1,5038
聠,1,5039
蚯,1,5040
隶,1,5041
鲞,1,5042
阙,1,5043
尧,1,5044
糨,1,5045
硌,1,5046
倶,1,5047
覓,1,5048
亂,1,5049
畴,1,5050
庵,1,5051
蛄,1,5052
瓤,1,5053
酝,1,5054
敛,1,5055
噁,1,5056
嬢,1,5057
涧,1,5058
≤,1,5059
綴,1,5060
蚁,1,5061
そ,1,5062
🍆,1,5063
儘,1,5064
恆,1,5065
锗,1,5066
歲,1,5067
鳳,1,5068
酗,1,5069
🇹,1,5070
侷,1,5071
澧,1,5072
螯,1,5073
弓,1,5074
🍜,1,5075
陽,1,5076
嚯,1,5077
獒,1,5078
燋,1,5079
援,1,5080
锃,1,5081
叟,1,5082
唬,1,5083
😷,1,5084
೭,1,5085
蚬,1,5086
ᐦ,1,5087
跺,1,5088
£,1,5089
亇,1,5090
剝,1,5091
倘,1,5092
饸,1,5093
瘠,1,5094
島,1,5095
👉,1,5096
褂,1,5097
晗,1,5098
淸,1,5099
疾,1,5100
岔,1,5101
🍻,1,5102
勘,1,5103
驯,1,5104
恿,1,5105
麝,1,5106
있,1,5107
儒,1,5108
૭,1,5109
剑,1,5110
掬,1,5111
昼,1,5112
璞,1,5113
ੈ,1,5114
鲩,1,5115
鍵,1,5116
闯,1,5117
龜,1,5118
ι,1,5119
駁,1,5120
洌,1,5121
攜,1,5122
△,1,5123
김,1,5124
峨,1,5125
༺,1,5126
矶,1,5127
ᴏ,1,5128
拂,1,5129
🐔,1,5130
臥,1,5131
吟,1,5132
傀,1,5133
囯,1,5134
責,1,5135
掛,1,5136
⛩,1,5137
賬,1,5138
異,1,5139
◑,1,5140
決,1,5141
浒,1,5142
瘋,1,5143
疗,1,5144
蛰,1,5145
輔,1,5146
灾,1,5147
,1,5148
諒,1,5149
誕,1,5150
⃛,1,5151
니,1,5152
胁,1,5153
咫,1,5154
圏,1,5155
敝,1,5156
牆,1,5157
陡,1,5158
❌,1,5159
赁,1,5160
桓,1,5161
